{"stats":{"minecraft:dropped":{"minecraft:birch_planks":13,"minecraft:feather":1,"minecraft:stick":1,"minecraft:stone":2,"minecraft:wooden_hoe":1,"minecraft:wooden_axe":1,"minecraft:wooden_sword":2,"minecraft:wooden_pickaxe":2,"minecraft:orange_bed":1,"minecraft:acacia_fence":1,"minecraft:acacia_pressure_plate":1,"minecraft:acacia_planks":4},"minecraft:killed":{"minecraft:creeper":1,"minecraft:sheep":1,"minecraft:chicken":1,"minecraft:cow":4},"minecraft:killed_by":{"minecraft:player":1},"minecraft:mined":{"minecraft:farmland":1,"minecraft:crafting_table":6,"minecraft:acacia_log":2,"minecraft:grass_block":5,"minecraft:melon":22,"minecraft:tall_grass":7,"minecraft:acacia_slab":1,"minecraft:oak_planks":1,"minecraft:hay_block":29,"minecraft:furnace":1,"minecraft:birch_log":1,"minecraft:acacia_wood":1,"minecraft:pumpkin":4,"minecraft:grass":38,"minecraft:oak_log":2,"minecraft:acacia_fence":1,"minecraft:dirt":4,"minecraft:acacia_planks":4,"minecraft:stonecutter":1,"minecraft:stone":20,"minecraft:oak_leaves":2,"minecraft:orange_bed":5,"minecraft:yellow_terracotta":1},"minecraft:custom":{"minecraft:interact_with_furnace":6,"minecraft:mob_kills":7,"minecraft:interact_with_crafting_table":7,"minecraft:leave_game":6,"minecraft:time_since_death":11358,"minecraft:sleep_in_bed":2,"minecraft:climb_one_cm":1771,"minecraft:time_since_rest":11383,"minecraft:sprint_one_cm":109733,"minecraft:damage_taken":852,"minecraft:walk_one_cm":73700,"minecraft:drop":15,"minecraft:damage_dealt":1960,"minecraft:swim_one_cm":2229,"minecraft:fly_one_cm":394066,"minecraft:player_kills":7,"minecraft:open_chest":4,"minecraft:crouch_one_cm":14616,"minecraft:play_time":47678,"minecraft:deaths":1,"minecraft:sneak_time":5347,"minecraft:walk_under_water_one_cm":444,"minecraft:jump":1401,"minecraft:walk_on_water_one_cm":5955,"minecraft:total_world_time":47678,"minecraft:fall_one_cm":44191},"minecraft:picked_up":{"minecraft:wooden_axe":2,"minecraft:birch_log":1,"minecraft:wheat":24,"minecraft:crafting_table":8,"minecraft:feather":2,"minecraft:chicken":1,"minecraft:leather":9,"minecraft:wooden_pickaxe":1,"minecraft:acacia_wood":1,"minecraft:birch_planks":20,"minecraft:acacia_pressure_plate":2,"minecraft:oak_log":2,"minecraft:gunpowder":2,"minecraft:dirt":8,"minecraft:wooden_sword":2,"minecraft:bone":4,"minecraft:acacia_planks":20,"minecraft:stonecutter":2,"minecraft:wheat_seeds":93,"minecraft:stone_pickaxe":1,"minecraft:beef":12,"minecraft:melon_slice":201,"minecraft:oak_planks":3,"minecraft:furnace":2,"minecraft:stick":12,"minecraft:stone":2,"minecraft:acacia_fence":2,"minecraft:pumpkin":8,"minecraft:torch":4,"minecraft:acacia_log":4,"minecraft:orange_bed":9,"minecraft:stone_sword":1,"minecraft:arrow":4,"minecraft:rotten_flesh":1,"minecraft:stone_axe":1,"minecraft:hay_block":29,"minecraft:yellow_terracotta":1,"minecraft:emerald":2,"minecraft:bread":83,"minecraft:acacia_slab":2,"minecraft:melon_seeds":9,"minecraft:mutton":2,"minecraft:white_wool":2,"minecraft:cobblestone":23},"minecraft:used":{"minecraft:stone_sword":14,"minecraft:birch_planks":2,"minecraft:stone_pickaxe":15,"minecraft:oak_planks":3,"minecraft:wooden_pickaxe":11,"minecraft:rotten_flesh":1,"minecraft:orange_bed":2,"minecraft:dirt":8,"minecraft:yellow_terracotta":1,"minecraft:crafting_table":6,"minecraft:wooden_hoe":30,"minecraft:bread":12,"minecraft:chicken":1,"minecraft:melon_slice":9,"minecraft:acacia_slab":2,"minecraft:stone_axe":61,"minecraft:wooden_sword":14,"minecraft:cobblestone":7,"minecraft:acacia_pressure_plate":1,"minecraft:furnace":1,"minecraft:birch_log":1,"minecraft:cooked_beef":2,"minecraft:acacia_planks":26},"minecraft:crafted":{"minecraft:cooked_beef":2,"minecraft:wooden_sword":1,"minecraft:oak_planks":8,"minecraft:crafting_table":2,"minecraft:wooden_pickaxe":1,"minecraft:furnace":1,"minecraft:birch_planks":8,"minecraft:stone_axe":1,"minecraft:bread":87,"minecraft:air":0,"minecraft:wooden_hoe":1,"minecraft:stick":12,"minecraft:stone_pickaxe":1,"minecraft:stone_sword":1,"minecraft:acacia_planks":20,"minecraft:wheat":261}},"DataVersion":3465}