{"stats":{"minecraft:used":{"minecraft:netherite_sword":141,"minecraft:grass_block":10,"minecraft:dirt":9,"minecraft:mutton":1,"minecraft:enchanted_golden_apple":3},"minecraft:custom":{"minecraft:time_since_rest":11257,"minecraft:damage_taken":125,"minecraft:sprint_one_cm":30079,"minecraft:damage_absorbed":113,"minecraft:walk_one_cm":10144,"minecraft:mob_kills":44,"minecraft:drop":6,"minecraft:damage_dealt":6251,"minecraft:swim_one_cm":936,"minecraft:fly_one_cm":124415,"minecraft:crouch_one_cm":679,"minecraft:play_time":11257,"minecraft:sneak_time":215,"minecraft:walk_under_water_one_cm":760,"minecraft:jump":396,"minecraft:leave_game":7,"minecraft:walk_on_water_one_cm":300,"minecraft:time_since_death":11257,"minecraft:total_world_time":11257,"minecraft:damage_resisted":28,"minecraft:fall_one_cm":10349},"minecraft:picked_up":{"minecraft:feather":2,"minecraft:chicken":1,"minecraft:leather":3,"minecraft:porkchop":22,"minecraft:gunpowder":1,"minecraft:dirt":9,"minecraft:spider_eye":3,"minecraft:string":9,"minecraft:arrow":3,"minecraft:bone":8,"minecraft:rotten_flesh":6,"minecraft:bow":1,"minecraft:wheat_seeds":5,"minecraft:mutton":10,"minecraft:white_wool":6,"minecraft:egg":1},"minecraft:dropped":{"minecraft:porkchop":3,"minecraft:wheat_seeds":2,"minecraft:leather":2,"minecraft:bow":1,"minecraft:string":3,"minecraft:grass_block":1},"minecraft:killed":{"minecraft:sheep":6,"minecraft:horse":2,"minecraft:skeleton":7,"minecraft:zombie":6,"minecraft:pig":13,"minecraft:chicken":1,"minecraft:spider":7,"minecraft:creeper":2},"minecraft:mined":{"minecraft:grass":51,"minecraft:grass_block":9,"minecraft:tall_grass":3}},"DataVersion":3465}