{"stats":{"minecraft:dropped":{"minecraft:wooden_axe":3,"minecraft:wooden_sword":2,"minecraft:wooden_pickaxe":3},"minecraft:killed_by":{"minecraft:player":7},"minecraft:mined":{"minecraft:glass_pane":2,"minecraft:jungle_leaves":3,"minecraft:crafting_table":2,"minecraft:acacia_log":13,"minecraft:grass_block":3,"minecraft:jungle_log":1,"minecraft:tall_grass":7,"minecraft:acacia_slab":1,"minecraft:wall_torch":2,"minecraft:birch_log":5,"minecraft:wheat":45,"minecraft:acacia_wood":1,"minecraft:grass":22,"minecraft:vine":2,"minecraft:dirt":6,"minecraft:acacia_planks":6,"minecraft:stone":22,"minecraft:oak_leaves":8,"minecraft:orange_bed":3},"minecraft:custom":{"minecraft:interact_with_furnace":1,"minecraft:interact_with_crafting_table":10,"minecraft:leave_game":3,"minecraft:time_since_death":5157,"minecraft:sleep_in_bed":1,"minecraft:climb_one_cm":7093,"minecraft:time_since_rest":5183,"minecraft:sprint_one_cm":56676,"minecraft:damage_taken":2265,"minecraft:walk_one_cm":85419,"minecraft:drop":8,"minecraft:damage_dealt":517,"minecraft:swim_one_cm":17632,"minecraft:talked_to_villager":4,"minecraft:fly_one_cm":169419,"minecraft:player_kills":1,"minecraft:open_chest":1,"minecraft:crouch_one_cm":26,"minecraft:play_time":38841,"minecraft:deaths":8,"minecraft:sneak_time":57,"minecraft:walk_under_water_one_cm":6575,"minecraft:jump":982,"minecraft:walk_on_water_one_cm":13101,"minecraft:total_world_time":38841,"minecraft:fall_one_cm":38281},"minecraft:picked_up":{"minecraft:wooden_axe":5,"minecraft:birch_log":5,"minecraft:crafting_table":5,"minecraft:wheat":27,"minecraft:feather":2,"minecraft:jungle_log":1,"minecraft:wooden_pickaxe":4,"minecraft:acacia_wood":1,"minecraft:birch_planks":13,"minecraft:acacia_pressure_plate":1,"minecraft:dirt":10,"minecraft:wooden_sword":4,"minecraft:bone":4,"minecraft:acacia_planks":14,"minecraft:stonecutter":1,"minecraft:wheat_seeds":60,"minecraft:stone_pickaxe":1,"minecraft:beef":3,"minecraft:melon_slice":96,"minecraft:stick":15,"minecraft:stone":2,"minecraft:acacia_fence":1,"minecraft:pumpkin":4,"minecraft:torch":3,"minecraft:acacia_log":13,"minecraft:orange_bed":7,"minecraft:stone_sword":1,"minecraft:arrow":2,"minecraft:emerald":2,"minecraft:bread":83,"minecraft:melon_seeds":7,"minecraft:mutton":1,"minecraft:white_wool":1,"minecraft:cobblestone":25},"minecraft:crafted":{"minecraft:wooden_sword":3,"minecraft:crafting_table":2,"minecraft:wooden_pickaxe":3,"minecraft:birch_planks":20,"minecraft:stone_axe":1,"minecraft:jungle_planks":4,"minecraft:stick":28,"minecraft:stone_pickaxe":1,"minecraft:wooden_axe":3,"minecraft:stone_sword":1,"minecraft:acacia_planks":48},"minecraft:used":{"minecraft:wheat_seeds":8,"minecraft:wooden_pickaxe":27,"minecraft:orange_bed":3,"minecraft:dirt":10,"minecraft:crafting_table":3,"minecraft:jungle_planks":3,"minecraft:wooden_axe":36,"minecraft:stone_axe":10,"minecraft:wooden_sword":4,"minecraft:cobblestone":12,"minecraft:acacia_planks":14}},"DataVersion":3465}