{"stats":{"minecraft:picked_up":{"minecraft:sand":1,"minecraft:sugar_cane":14},"minecraft:custom":{"minecraft:jump":13,"minecraft:time_since_rest":932,"minecraft:crouch_one_cm":528,"minecraft:leave_game":1,"minecraft:sprint_one_cm":2639,"minecraft:play_time":932,"minecraft:time_since_death":932,"minecraft:walk_one_cm":1565,"minecraft:sneak_time":109,"minecraft:total_world_time":932,"minecraft:fall_one_cm":418,"minecraft:drop":5,"minecraft:fly_one_cm":2703},"minecraft:used":{"minecraft:sand":1},"minecraft:dropped":{"minecraft:sugar_cane":5},"minecraft:mined":{"minecraft:sugar_cane":4,"minecraft:sand":1}},"DataVersion":3465}